latitude,longitude,year,comment_message
-37.8206,144.9653,2001,It’s a place where different cultures blend seamlessly
-37.8206,144.9653,2025,This place represents the multicultural identity of Melbourne
-37.8102,144.9623,2026,"Art, music, and people come together to create a cultural hub"
-37.8304,144.9796,2006,There’s a strong sense of community and cultural expression here
-37.8676,144.9806,2020,"I used to come here as a child, it holds a lot of personal memories"
-37.817979,144.969057,2018,"I remember sharing traditional food here with friends, it felt like a celebration of culture"
-37.817979,144.969057,2018,This location has always been meaningful in my personal journey
-37.818271,144.967061,2012,I have vivid memories of spending weekends here with loved ones
-37.8163,144.969,2025,I have vivid memories of spending weekends here with loved ones
-37.8676,144.9806,2025,The mix of cultural cuisines here reminds me of Melbourne’s diversity
-37.8076,144.9568,2023,"Art, music, and people come together to create a cultural hub"
-37.8163,144.969,2018,I have vivid memories of spending weekends here with loved ones
-37.806,144.9717,2004,This place represents the multicultural identity of Melbourne
-37.8163,144.969,2002,I have vivid memories of spending weekends here with loved ones
-37.8163,144.969,2018,Tried a dish that reflected authentic heritage and family traditions
-37.8676,144.9806,2007,You can really feel the cultural diversity and artistic energy here
-37.818271,144.967061,2009,"I remember sharing traditional food here with friends, it felt like a celebration of culture"
-37.8076,144.9568,2008,Tried a dish that reflected authentic heritage and family traditions
-37.8076,144.9568,2024,There’s a strong sense of community and cultural expression here
-37.843,144.993,2022,Every meal here feels like experiencing a different culture
-37.8102,144.9623,2022,It’s a place where different cultures blend seamlessly
-37.8676,144.9806,2026,The mix of cultural cuisines here reminds me of Melbourne’s diversity
-37.8676,144.9806,2010,This place represents the multicultural identity of Melbourne
-37.8206,144.9653,2015,"I remember sharing traditional food here with friends, it felt like a celebration of culture"
-37.8163,144.969,2008,"Art, music, and people come together to create a cultural hub"
-37.818271,144.967061,2010,I have vivid memories of spending weekends here with loved ones
-37.817979,144.969057,2008,"Being here feels nostalgic, like revisiting an important part of my life"
-37.8676,144.9806,2000,It’s a place where different cultures blend seamlessly
-37.817979,144.969057,2002,There’s a strong sense of community and cultural expression here
-37.8206,144.9653,2007,The mix of cultural cuisines here reminds me of Melbourne’s diversity
-37.818271,144.967061,2012,"I remember sharing traditional food here with friends, it felt like a celebration of culture"
-37.817979,144.969057,2021,You can really feel the cultural diversity and artistic energy here
-37.8206,144.9653,2013,There’s a strong sense of community and cultural expression here
-37.818271,144.967061,2021,There’s a strong sense of community and cultural expression here
-37.8102,144.9623,2026,Every meal here feels like experiencing a different culture
-37.817979,144.969057,2020,The mix of cultural cuisines here reminds me of Melbourne’s diversity
-37.8163,144.969,2016,This place represents the multicultural identity of Melbourne
-37.8304,144.9796,2020,I have vivid memories of spending weekends here with loved ones
-37.8163,144.969,2022,There’s a strong sense of community and cultural expression here
-37.8304,144.9796,2000,The mix of cultural cuisines here reminds me of Melbourne’s diversity
-37.8676,144.9806,2013,I have vivid memories of spending weekends here with loved ones
-37.818271,144.967061,2015,You can really feel the cultural diversity and artistic energy here
-37.843,144.993,2024,It’s a place where different cultures blend seamlessly
-37.806,144.9717,2004,"I remember sharing traditional food here with friends, it felt like a celebration of culture"
-37.843,144.993,2015,"I used to come here as a child, it holds a lot of personal memories"
-37.8206,144.9653,2007,The mix of cultural cuisines here reminds me of Melbourne’s diversity
-37.8163,144.969,2026,This place represents the multicultural identity of Melbourne
-37.8206,144.9653,2013,"I remember sharing traditional food here with friends, it felt like a celebration of culture"
-37.818271,144.967061,2016,You can really feel the cultural diversity and artistic energy here
-37.817979,144.969057,2005,This place represents the multicultural identity of Melbourne
-37.818271,144.967061,2013,This location has always been meaningful in my personal journey
-37.8206,144.9653,2003,This location has always been meaningful in my personal journey
-37.8676,144.9806,2019,This place represents the multicultural identity of Melbourne
-37.8163,144.969,2009,There’s a strong sense of community and cultural expression here
-37.8076,144.9568,2001,It’s a place where different cultures blend seamlessly
-37.843,144.993,2013,This place represents the multicultural identity of Melbourne
-37.8163,144.969,2007,This place reminds me of family gatherings and special moments
-37.817979,144.969057,2001,There’s a strong sense of community and cultural expression here
-37.8076,144.9568,2017,Every meal here feels like experiencing a different culture
-37.8163,144.969,2000,Tried a dish that reflected authentic heritage and family traditions
-37.817979,144.969057,2026,The mix of cultural cuisines here reminds me of Melbourne’s diversity
-37.8304,144.9796,2003,The food here connects deeply to cultural roots and history
-37.8076,144.9568,2026,"Art, music, and people come together to create a cultural hub"
-37.8206,144.9653,2024,This location has always been meaningful in my personal journey
-37.8304,144.9796,2008,"Being here feels nostalgic, like revisiting an important part of my life"
-37.806,144.9717,2008,"Art, music, and people come together to create a cultural hub"
-37.8163,144.969,2017,This place reminds me of family gatherings and special moments
-37.8676,144.9806,2019,The mix of cultural cuisines here reminds me of Melbourne’s diversity
-37.8102,144.9623,2003,You can really feel the cultural diversity and artistic energy here
-37.818271,144.967061,2003,There’s a strong sense of community and cultural expression here
-37.8206,144.9653,2021,This location has always been meaningful in my personal journey
-37.8163,144.969,2016,This place reminds me of family gatherings and special moments
-37.8076,144.9568,2003,Every meal here feels like experiencing a different culture
-37.8206,144.9653,2015,This place reminds me of family gatherings and special moments
-37.818271,144.967061,2023,Tried a dish that reflected authentic heritage and family traditions
-37.8163,144.969,2009,Every meal here feels like experiencing a different culture
-37.843,144.993,2003,This place represents the multicultural identity of Melbourne
-37.806,144.9717,2014,This location has always been meaningful in my personal journey
-37.843,144.993,2014,You can really feel the cultural diversity and artistic energy here
-37.8076,144.9568,2012,The mix of cultural cuisines here reminds me of Melbourne’s diversity
-37.8163,144.969,2004,"Being here feels nostalgic, like revisiting an important part of my life"
-37.8676,144.9806,2003,You can really feel the cultural diversity and artistic energy here
-37.8102,144.9623,2001,I have vivid memories of spending weekends here with loved ones
-37.8102,144.9623,2009,"I remember sharing traditional food here with friends, it felt like a celebration of culture"
-37.843,144.993,2014,There’s a strong sense of community and cultural expression here
-37.843,144.993,2002,It’s a place where different cultures blend seamlessly
-37.8206,144.9653,2000,"I remember sharing traditional food here with friends, it felt like a celebration of culture"
-37.8163,144.969,2004,This place represents the multicultural identity of Melbourne
-37.806,144.9717,2023,The food here connects deeply to cultural roots and history
-37.8304,144.9796,2008,This place reminds me of family gatherings and special moments
-37.8676,144.9806,2025,"Being here feels nostalgic, like revisiting an important part of my life"
-37.8102,144.9623,2024,"I remember sharing traditional food here with friends, it felt like a celebration of culture"
-37.8676,144.9806,2007,You can really feel the cultural diversity and artistic energy here
-37.8676,144.9806,2014,"I used to come here as a child, it holds a lot of personal memories"
-37.8102,144.9623,2016,This place reminds me of family gatherings and special moments
-37.843,144.993,2006,Tried a dish that reflected authentic heritage and family traditions
-37.8676,144.9806,2020,You can really feel the cultural diversity and artistic energy here
-37.843,144.993,2016,This place reminds me of family gatherings and special moments
-37.806,144.9717,2016,You can really feel the cultural diversity and artistic energy here
-37.8304,144.9796,2006,It’s a place where different cultures blend seamlessly
-37.843,144.993,2019,"I remember sharing traditional food here with friends, it felt like a celebration of culture"
-37.8206,144.9653,2000,This location has always been meaningful in my personal journey
-37.8163,144.969,2004,This place reminds me of family gatherings and special moments
-37.8304,144.9796,2026,You can really feel the cultural diversity and artistic energy here
-37.8163,144.969,2006,"I remember sharing traditional food here with friends, it felt like a celebration of culture"
-37.818271,144.967061,2021,The mix of cultural cuisines here reminds me of Melbourne’s diversity
-37.8076,144.9568,2016,"Art, music, and people come together to create a cultural hub"
-37.8163,144.969,2014,"Being here feels nostalgic, like revisiting an important part of my life"
-37.8676,144.9806,2000,The mix of cultural cuisines here reminds me of Melbourne’s diversity
-37.843,144.993,2011,Tried a dish that reflected authentic heritage and family traditions
-37.8076,144.9568,2000,"Art, music, and people come together to create a cultural hub"
-37.8676,144.9806,2011,There’s a strong sense of community and cultural expression here
-37.8206,144.9653,2011,You can really feel the cultural diversity and artistic energy here
-37.8676,144.9806,2015,"Art, music, and people come together to create a cultural hub"
-37.8304,144.9796,2020,The mix of cultural cuisines here reminds me of Melbourne’s diversity
-37.8163,144.969,2013,I have vivid memories of spending weekends here with loved ones
-37.8676,144.9806,2011,The food here connects deeply to cultural roots and history
-37.817979,144.969057,2026,This place reminds me of family gatherings and special moments
-37.8076,144.9568,2021,"I used to come here as a child, it holds a lot of personal memories"
-37.8102,144.9623,2024,"I used to come here as a child, it holds a lot of personal memories"
-37.806,144.9717,2010,The mix of cultural cuisines here reminds me of Melbourne’s diversity
-37.8304,144.9796,2002,You can really feel the cultural diversity and artistic energy here
-37.8076,144.9568,2024,"Being here feels nostalgic, like revisiting an important part of my life"
-37.806,144.9717,2006,This location has always been meaningful in my personal journey
-37.8163,144.969,2026,Every meal here feels like experiencing a different culture
-37.843,144.993,2026,Tried a dish that reflected authentic heritage and family traditions
-37.843,144.993,2012,"I used to come here as a child, it holds a lot of personal memories"
-37.818271,144.967061,2010,The mix of cultural cuisines here reminds me of Melbourne’s diversity
-37.843,144.993,2016,The mix of cultural cuisines here reminds me of Melbourne’s diversity
-37.806,144.9717,2010,There’s a strong sense of community and cultural expression here
-37.8304,144.9796,2001,This place represents the multicultural identity of Melbourne
-37.8304,144.9796,2019,This location has always been meaningful in my personal journey
-37.843,144.993,2007,Tried a dish that reflected authentic heritage and family traditions
-37.843,144.993,2017,"Art, music, and people come together to create a cultural hub"
-37.8304,144.9796,2004,"Being here feels nostalgic, like revisiting an important part of my life"
-37.843,144.993,2014,Every meal here feels like experiencing a different culture
-37.817979,144.969057,2003,There’s a strong sense of community and cultural expression here
-37.8676,144.9806,2010,"I used to come here as a child, it holds a lot of personal memories"
-37.8676,144.9806,2007,"I used to come here as a child, it holds a lot of personal memories"
-37.8076,144.9568,2008,"Art, music, and people come together to create a cultural hub"
-37.8676,144.9806,2021,"Being here feels nostalgic, like revisiting an important part of my life"
-37.8304,144.9796,2016,The mix of cultural cuisines here reminds me of Melbourne’s diversity
-37.8102,144.9623,2022,"I remember sharing traditional food here with friends, it felt like a celebration of culture"
-37.8102,144.9623,2020,It’s a place where different cultures blend seamlessly
-37.8676,144.9806,2011,"Being here feels nostalgic, like revisiting an important part of my life"
-37.806,144.9717,2024,You can really feel the cultural diversity and artistic energy here
-37.8206,144.9653,2013,It’s a place where different cultures blend seamlessly
-37.806,144.9717,2019,"I used to come here as a child, it holds a lot of personal memories"
-37.8163,144.969,2019,The food here connects deeply to cultural roots and history
-37.817979,144.969057,2023,Every meal here feels like experiencing a different culture
-37.8163,144.969,2013,The mix of cultural cuisines here reminds me of Melbourne’s diversity
-37.817979,144.969057,2015,It’s a place where different cultures blend seamlessly
-37.8102,144.9623,2017,"I used to come here as a child, it holds a lot of personal memories"
-37.817979,144.969057,2015,"Being here feels nostalgic, like revisiting an important part of my life"
-37.8102,144.9623,2005,The mix of cultural cuisines here reminds me of Melbourne’s diversity
-37.8076,144.9568,2026,I have vivid memories of spending weekends here with loved ones
-37.817979,144.969057,2010,I have vivid memories of spending weekends here with loved ones
-37.817979,144.969057,2010,There’s a strong sense of community and cultural expression here
-37.8163,144.969,2013,I have vivid memories of spending weekends here with loved ones
-37.8304,144.9796,2013,"I used to come here as a child, it holds a lot of personal memories"
-37.8304,144.9796,2013,This place represents the multicultural identity of Melbourne
-37.818271,144.967061,2001,I have vivid memories of spending weekends here with loved ones
-37.8076,144.9568,2025,You can really feel the cultural diversity and artistic energy here
-37.8206,144.9653,2021,This place reminds me of family gatherings and special moments
-37.806,144.9717,2025,Every meal here feels like experiencing a different culture
-37.806,144.9717,2002,"Art, music, and people come together to create a cultural hub"
-37.8304,144.9796,2004,The mix of cultural cuisines here reminds me of Melbourne’s diversity
-37.8676,144.9806,2014,It’s a place where different cultures blend seamlessly
-37.8102,144.9623,2006,You can really feel the cultural diversity and artistic energy here
-37.8304,144.9796,2013,There’s a strong sense of community and cultural expression here
-37.817979,144.969057,2020,Tried a dish that reflected authentic heritage and family traditions
-37.806,144.9717,2004,"Art, music, and people come together to create a cultural hub"
-37.8076,144.9568,2018,Tried a dish that reflected authentic heritage and family traditions
-37.818271,144.967061,2012,I have vivid memories of spending weekends here with loved ones
-37.806,144.9717,2019,I have vivid memories of spending weekends here with loved ones
-37.818271,144.967061,2000,"Being here feels nostalgic, like revisiting an important part of my life"
-37.8163,144.969,2022,"Art, music, and people come together to create a cultural hub"
-37.8304,144.9796,2007,"Being here feels nostalgic, like revisiting an important part of my life"
-37.8206,144.9653,2012,This place represents the multicultural identity of Melbourne
-37.817979,144.969057,2016,This place reminds me of family gatherings and special moments
-37.8676,144.9806,2016,The mix of cultural cuisines here reminds me of Melbourne’s diversity
-37.8163,144.969,2017,The food here connects deeply to cultural roots and history
-37.817979,144.969057,2021,Every meal here feels like experiencing a different culture
-37.843,144.993,2016,I have vivid memories of spending weekends here with loved ones
-37.806,144.9717,2003,Tried a dish that reflected authentic heritage and family traditions
-37.8163,144.969,2007,Every meal here feels like experiencing a different culture
-37.8676,144.9806,2018,This place represents the multicultural identity of Melbourne
-37.818271,144.967061,2014,The food here connects deeply to cultural roots and history
-37.8076,144.9568,2005,There’s a strong sense of community and cultural expression here
-37.843,144.993,2016,Tried a dish that reflected authentic heritage and family traditions
-37.8076,144.9568,2016,This location has always been meaningful in my personal journey
-37.8076,144.9568,2024,There’s a strong sense of community and cultural expression here
-37.8102,144.9623,2026,It’s a place where different cultures blend seamlessly
-37.8076,144.9568,2002,The mix of cultural cuisines here reminds me of Melbourne’s diversity
-37.8102,144.9623,2023,This location has always been meaningful in my personal journey
-37.843,144.993,2015,"I remember sharing traditional food here with friends, it felt like a celebration of culture"
-37.8206,144.9653,2003,"Art, music, and people come together to create a cultural hub"
-37.8076,144.9568,2019,Tried a dish that reflected authentic heritage and family traditions
-37.8076,144.9568,2005,You can really feel the cultural diversity and artistic energy here
-37.843,144.993,2015,This place represents the multicultural identity of Melbourne
-37.8163,144.969,2026,Every meal here feels like experiencing a different culture
-37.8304,144.9796,2000,The mix of cultural cuisines here reminds me of Melbourne’s diversity
-37.818271,144.967061,2003,"Art, music, and people come together to create a cultural hub"
-37.8102,144.9623,2020,This location has always been meaningful in my personal journey
-37.843,144.993,2022,This place represents the multicultural identity of Melbourne
-37.843,144.993,2009,There’s a strong sense of community and cultural expression here
-37.8102,144.9623,2021,Tried a dish that reflected authentic heritage and family traditions
-37.8304,144.9796,2024,I have vivid memories of spending weekends here with loved ones
-37.8206,144.9653,2019,I have vivid memories of spending weekends here with loved ones
-37.8304,144.9796,2003,I have vivid memories of spending weekends here with loved ones
-37.8304,144.9796,2024,Every meal here feels like experiencing a different culture
-37.8102,144.9623,2012,This place reminds me of family gatherings and special moments
-37.8102,144.9623,2013,There’s a strong sense of community and cultural expression here
-37.843,144.993,2008,"Art, music, and people come together to create a cultural hub"
-37.8206,144.9653,2003,You can really feel the cultural diversity and artistic energy here
-37.8102,144.9623,2003,"Art, music, and people come together to create a cultural hub"
-37.8163,144.969,2007,The mix of cultural cuisines here reminds me of Melbourne’s diversity
-37.8076,144.9568,2008,"Being here feels nostalgic, like revisiting an important part of my life"
-37.806,144.9717,2015,"Being here feels nostalgic, like revisiting an important part of my life"
-37.8163,144.969,2020,The food here connects deeply to cultural roots and history
-37.8102,144.9623,2000,There’s a strong sense of community and cultural expression here
-37.8676,144.9806,2006,"I remember sharing traditional food here with friends, it felt like a celebration of culture"
-37.8102,144.9623,2014,This location has always been meaningful in my personal journey
-37.8206,144.9653,2019,There’s a strong sense of community and cultural expression here
-37.8206,144.9653,2008,"Being here feels nostalgic, like revisiting an important part of my life"
-37.843,144.993,2022,"I used to come here as a child, it holds a lot of personal memories"
-37.843,144.993,2014,This place reminds me of family gatherings and special moments
-37.806,144.9717,2013,Every meal here feels like experiencing a different culture
-37.8163,144.969,2010,Every meal here feels like experiencing a different culture
-37.8076,144.9568,2007,Every meal here feels like experiencing a different culture
-37.843,144.993,2026,Tried a dish that reflected authentic heritage and family traditions
-37.8163,144.969,2024,I have vivid memories of spending weekends here with loved ones
-37.8076,144.9568,2012,There’s a strong sense of community and cultural expression here
-37.8206,144.9653,2005,"I used to come here as a child, it holds a lot of personal memories"
-37.8163,144.969,2012,"I used to come here as a child, it holds a lot of personal memories"
-37.8304,144.9796,2001,You can really feel the cultural diversity and artistic energy here
-37.8163,144.969,2003,It’s a place where different cultures blend seamlessly
-37.8304,144.9796,2018,There’s a strong sense of community and cultural expression here
-37.8304,144.9796,2014,This place represents the multicultural identity of Melbourne
-37.818271,144.967061,2003,"Art, music, and people come together to create a cultural hub"
-37.8304,144.9796,2018,This place reminds me of family gatherings and special moments
-37.8206,144.9653,2019,The mix of cultural cuisines here reminds me of Melbourne’s diversity
-37.8206,144.9653,2023,"I used to come here as a child, it holds a lot of personal memories"
-37.8102,144.9623,2016,I have vivid memories of spending weekends here with loved ones
-37.8676,144.9806,2017,"I used to come here as a child, it holds a lot of personal memories"
-37.8163,144.969,2001,It’s a place where different cultures blend seamlessly
-37.8102,144.9623,2023,This place represents the multicultural identity of Melbourne
-37.818271,144.967061,2006,The mix of cultural cuisines here reminds me of Melbourne’s diversity
-37.8206,144.9653,2003,The mix of cultural cuisines here reminds me of Melbourne’s diversity
-37.8102,144.9623,2023,I have vivid memories of spending weekends here with loved ones
-37.8676,144.9806,2019,"Art, music, and people come together to create a cultural hub"
-37.8206,144.9653,2017,This place reminds me of family gatherings and special moments
-37.8304,144.9796,2000,This place represents the multicultural identity of Melbourne
-37.8676,144.9806,2014,You can really feel the cultural diversity and artistic energy here
-37.8304,144.9796,2002,This place reminds me of family gatherings and special moments
-37.8304,144.9796,2000,"I remember sharing traditional food here with friends, it felt like a celebration of culture"
-37.806,144.9717,2010,This location has always been meaningful in my personal journey
-37.8676,144.9806,2006,The mix of cultural cuisines here reminds me of Melbourne’s diversity
-37.8102,144.9623,2009,"I used to come here as a child, it holds a lot of personal memories"
-37.818271,144.967061,2013,This location has always been meaningful in my personal journey
-37.817979,144.969057,2001,Every meal here feels like experiencing a different culture
-37.8304,144.9796,2005,Tried a dish that reflected authentic heritage and family traditions
-37.8206,144.9653,2026,"Being here feels nostalgic, like revisiting an important part of my life"
-37.8102,144.9623,2025,"I used to come here as a child, it holds a lot of personal memories"
-37.818271,144.967061,2002,This place reminds me of family gatherings and special moments
-37.818271,144.967061,2004,"I used to come here as a child, it holds a lot of personal memories"
-37.818271,144.967061,2007,The food here connects deeply to cultural roots and history
-37.8206,144.9653,2017,This place represents the multicultural identity of Melbourne
-37.8102,144.9623,2023,This place reminds me of family gatherings and special moments
-37.806,144.9717,2016,The food here connects deeply to cultural roots and history
-37.843,144.993,2001,Every meal here feels like experiencing a different culture
-37.8676,144.9806,2002,There’s a strong sense of community and cultural expression here
-37.817979,144.969057,2002,Tried a dish that reflected authentic heritage and family traditions
-37.8676,144.9806,2020,"Art, music, and people come together to create a cultural hub"
-37.8304,144.9796,2006,Every meal here feels like experiencing a different culture
-37.818271,144.967061,2010,"Being here feels nostalgic, like revisiting an important part of my life"
-37.8676,144.9806,2023,Tried a dish that reflected authentic heritage and family traditions
-37.8676,144.9806,2010,"I remember sharing traditional food here with friends, it felt like a celebration of culture"
-37.806,144.9717,2011,"Art, music, and people come together to create a cultural hub"
-37.818271,144.967061,2019,Every meal here feels like experiencing a different culture
-37.806,144.9717,2017,This place reminds me of family gatherings and special moments
-37.8676,144.9806,2023,"Art, music, and people come together to create a cultural hub"
-37.8304,144.9796,2026,Every meal here feels like experiencing a different culture
-37.817979,144.969057,2016,Tried a dish that reflected authentic heritage and family traditions
-37.8076,144.9568,2001,You can really feel the cultural diversity and artistic energy here
-37.8206,144.9653,2009,"I used to come here as a child, it holds a lot of personal memories"
-37.8676,144.9806,2018,The food here connects deeply to cultural roots and history
-37.8676,144.9806,2005,The food here connects deeply to cultural roots and history
-37.817979,144.969057,2001,You can really feel the cultural diversity and artistic energy here
-37.8076,144.9568,2013,"I used to come here as a child, it holds a lot of personal memories"
-37.818271,144.967061,2020,Every meal here feels like experiencing a different culture
-37.8102,144.9623,2012,"I remember sharing traditional food here with friends, it felt like a celebration of culture"
-37.8102,144.9623,2019,"I used to come here as a child, it holds a lot of personal memories"
-37.8076,144.9568,2009,This location has always been meaningful in my personal journey
-37.8102,144.9623,2013,I have vivid memories of spending weekends here with loved ones
-37.8304,144.9796,2020,"I used to come here as a child, it holds a lot of personal memories"
-37.8163,144.969,2015,There’s a strong sense of community and cultural expression here
-37.818271,144.967061,2016,There’s a strong sense of community and cultural expression here
-37.8304,144.9796,2004,"Art, music, and people come together to create a cultural hub"
-37.8676,144.9806,2002,This location has always been meaningful in my personal journey
-37.8676,144.9806,2016,"Being here feels nostalgic, like revisiting an important part of my life"
-37.818271,144.967061,2004,It’s a place where different cultures blend seamlessly
-37.843,144.993,2008,You can really feel the cultural diversity and artistic energy here
-37.818271,144.967061,2012,You can really feel the cultural diversity and artistic energy here
-37.8102,144.9623,2012,I have vivid memories of spending weekends here with loved ones
-37.818271,144.967061,2008,I have vivid memories of spending weekends here with loved ones
-37.817979,144.969057,2012,"Art, music, and people come together to create a cultural hub"
-37.806,144.9717,2025,"I remember sharing traditional food here with friends, it felt like a celebration of culture"
-37.806,144.9717,2012,"I remember sharing traditional food here with friends, it felt like a celebration of culture"
-37.8076,144.9568,2001,"Art, music, and people come together to create a cultural hub"
-37.8163,144.969,2025,This place represents the multicultural identity of Melbourne
-37.806,144.9717,2017,"I used to come here as a child, it holds a lot of personal memories"
-37.8304,144.9796,2007,It’s a place where different cultures blend seamlessly
-37.8102,144.9623,2010,It’s a place where different cultures blend seamlessly
-37.843,144.993,2010,"Being here feels nostalgic, like revisiting an important part of my life"
-37.8163,144.969,2007,"Being here feels nostalgic, like revisiting an important part of my life"
-37.843,144.993,2023,This location has always been meaningful in my personal journey
-37.817979,144.969057,2012,It’s a place where different cultures blend seamlessly
-37.843,144.993,2019,"Being here feels nostalgic, like revisiting an important part of my life"
-37.8206,144.9653,2006,The mix of cultural cuisines here reminds me of Melbourne’s diversity
-37.818271,144.967061,2003,"Art, music, and people come together to create a cultural hub"
-37.8163,144.969,2005,"Art, music, and people come together to create a cultural hub"
-37.818271,144.967061,2018,"Being here feels nostalgic, like revisiting an important part of my life"
-37.8304,144.9796,2021,This location has always been meaningful in my personal journey
-37.8076,144.9568,2009,The mix of cultural cuisines here reminds me of Melbourne’s diversity
-37.8304,144.9796,2026,This place reminds me of family gatherings and special moments
-37.8676,144.9806,2006,There’s a strong sense of community and cultural expression here
-37.8076,144.9568,2010,This place reminds me of family gatherings and special moments
-37.8206,144.9653,2011,"I used to come here as a child, it holds a lot of personal memories"
-37.8163,144.969,2015,The mix of cultural cuisines here reminds me of Melbourne’s diversity
-37.8676,144.9806,2020,Tried a dish that reflected authentic heritage and family traditions
-37.8206,144.9653,2009,This location has always been meaningful in my personal journey
-37.8163,144.969,2026,There’s a strong sense of community and cultural expression here
-37.8304,144.9796,2016,The mix of cultural cuisines here reminds me of Melbourne’s diversity
-37.8102,144.9623,2024,This place represents the multicultural identity of Melbourne
-37.8163,144.969,2019,The mix of cultural cuisines here reminds me of Melbourne’s diversity
-37.8676,144.9806,2016,It’s a place where different cultures blend seamlessly
-37.8102,144.9623,2019,Tried a dish that reflected authentic heritage and family traditions
-37.843,144.993,2016,Tried a dish that reflected authentic heritage and family traditions
-37.8304,144.9796,2023,There’s a strong sense of community and cultural expression here
-37.806,144.9717,2019,Every meal here feels like experiencing a different culture
-37.8206,144.9653,2024,"I used to come here as a child, it holds a lot of personal memories"
-37.806,144.9717,2005,"I remember sharing traditional food here with friends, it felt like a celebration of culture"
-37.8676,144.9806,2016,This location has always been meaningful in my personal journey
-37.843,144.993,2019,"I remember sharing traditional food here with friends, it felt like a celebration of culture"
-37.8076,144.9568,2015,This place represents the multicultural identity of Melbourne
-37.8206,144.9653,2023,"Art, music, and people come together to create a cultural hub"
-37.8304,144.9796,2018,Every meal here feels like experiencing a different culture
-37.817979,144.969057,2005,There’s a strong sense of community and cultural expression here
-37.8206,144.9653,2011,This place represents the multicultural identity of Melbourne
-37.8676,144.9806,2014,"Being here feels nostalgic, like revisiting an important part of my life"
-37.8163,144.969,2002,"Art, music, and people come together to create a cultural hub"
-37.806,144.9717,2012,There’s a strong sense of community and cultural expression here
-37.8676,144.9806,2012,There’s a strong sense of community and cultural expression here
-37.8163,144.969,2026,Every meal here feels like experiencing a different culture
-37.8676,144.9806,2008,This place reminds me of family gatherings and special moments
-37.818271,144.967061,2013,"I used to come here as a child, it holds a lot of personal memories"
-37.8076,144.9568,2002,"Art, music, and people come together to create a cultural hub"
-37.8163,144.969,2001,"Art, music, and people come together to create a cultural hub"
-37.8102,144.9623,2016,This place represents the multicultural identity of Melbourne
-37.8163,144.969,2001,"Being here feels nostalgic, like revisiting an important part of my life"
-37.818271,144.967061,2025,You can really feel the cultural diversity and artistic energy here
-37.843,144.993,2021,This location has always been meaningful in my personal journey
-37.8206,144.9653,2009,"Art, music, and people come together to create a cultural hub"
-37.8076,144.9568,2026,This place represents the multicultural identity of Melbourne
-37.8206,144.9653,2009,There’s a strong sense of community and cultural expression here
-37.806,144.9717,2012,This place reminds me of family gatherings and special moments
-37.8676,144.9806,2015,This place reminds me of family gatherings and special moments
-37.8676,144.9806,2022,It’s a place where different cultures blend seamlessly
-37.8163,144.969,2023,This place represents the multicultural identity of Melbourne
-37.843,144.993,2006,I have vivid memories of spending weekends here with loved ones
-37.8102,144.9623,2019,"Art, music, and people come together to create a cultural hub"
-37.8163,144.969,2023,This place represents the multicultural identity of Melbourne
-37.8102,144.9623,2004,There’s a strong sense of community and cultural expression here
-37.8102,144.9623,2008,This place reminds me of family gatherings and special moments
-37.8304,144.9796,2016,"Being here feels nostalgic, like revisiting an important part of my life"
-37.843,144.993,2006,This location has always been meaningful in my personal journey
-37.8676,144.9806,2024,It’s a place where different cultures blend seamlessly
-37.8163,144.969,2006,The food here connects deeply to cultural roots and history
-37.8304,144.9796,2014,It’s a place where different cultures blend seamlessly
-37.8076,144.9568,2024,"Being here feels nostalgic, like revisiting an important part of my life"
-37.8163,144.969,2000,Every meal here feels like experiencing a different culture
-37.8304,144.9796,2020,I have vivid memories of spending weekends here with loved ones
-37.8076,144.9568,2017,"I used to come here as a child, it holds a lot of personal memories"
-37.843,144.993,2000,"I used to come here as a child, it holds a lot of personal memories"
-37.817979,144.969057,2015,"Art, music, and people come together to create a cultural hub"
-37.8102,144.9623,2009,"I remember sharing traditional food here with friends, it felt like a celebration of culture"
-37.8304,144.9796,2006,It’s a place where different cultures blend seamlessly
-37.8206,144.9653,2024,This location has always been meaningful in my personal journey
-37.843,144.993,2008,"I used to come here as a child, it holds a lot of personal memories"
-37.818271,144.967061,2012,You can really feel the cultural diversity and artistic energy here
-37.843,144.993,2004,This place reminds me of family gatherings and special moments
-37.8076,144.9568,2010,There’s a strong sense of community and cultural expression here
-37.817979,144.969057,2010,It’s a place where different cultures blend seamlessly
-37.8304,144.9796,2009,Every meal here feels like experiencing a different culture
-37.8102,144.9623,2019,It’s a place where different cultures blend seamlessly
-37.8676,144.9806,2015,Every meal here feels like experiencing a different culture
-37.8304,144.9796,2019,"Art, music, and people come together to create a cultural hub"
-37.817979,144.969057,2020,"I remember sharing traditional food here with friends, it felt like a celebration of culture"
-37.8206,144.9653,2014,The mix of cultural cuisines here reminds me of Melbourne’s diversity
-37.843,144.993,2020,"I used to come here as a child, it holds a lot of personal memories"
-37.8206,144.9653,2026,Every meal here feels like experiencing a different culture
-37.817979,144.969057,2017,Every meal here feels like experiencing a different culture
-37.8102,144.9623,2023,Tried a dish that reflected authentic heritage and family traditions
-37.8076,144.9568,2001,It’s a place where different cultures blend seamlessly
-37.818271,144.967061,2012,This place represents the multicultural identity of Melbourne
-37.8163,144.969,2020,You can really feel the cultural diversity and artistic energy here
-37.8304,144.9796,2002,I have vivid memories of spending weekends here with loved ones
-37.817979,144.969057,2008,There’s a strong sense of community and cultural expression here
-37.817979,144.969057,2018,This place reminds me of family gatherings and special moments
-37.817979,144.969057,2005,It’s a place where different cultures blend seamlessly
-37.8206,144.9653,2024,You can really feel the cultural diversity and artistic energy here
-37.8102,144.9623,2021,Every meal here feels like experiencing a different culture
-37.8163,144.969,2015,There’s a strong sense of community and cultural expression here
-37.8163,144.969,2014,"Being here feels nostalgic, like revisiting an important part of my life"
-37.8102,144.9623,2011,Every meal here feels like experiencing a different culture
-37.843,144.993,2017,"I remember sharing traditional food here with friends, it felt like a celebration of culture"
-37.818271,144.967061,2016,The food here connects deeply to cultural roots and history
-37.8676,144.9806,2005,"I remember sharing traditional food here with friends, it felt like a celebration of culture"
-37.8076,144.9568,2023,This place represents the multicultural identity of Melbourne
-37.817979,144.969057,2022,The mix of cultural cuisines here reminds me of Melbourne’s diversity
-37.818271,144.967061,2004,The mix of cultural cuisines here reminds me of Melbourne’s diversity
-37.8102,144.9623,2015,"Being here feels nostalgic, like revisiting an important part of my life"
-37.8676,144.9806,2018,It’s a place where different cultures blend seamlessly
-37.818271,144.967061,2026,You can really feel the cultural diversity and artistic energy here
-37.817979,144.969057,2003,"Being here feels nostalgic, like revisiting an important part of my life"
-37.8076,144.9568,2017,"I remember sharing traditional food here with friends, it felt like a celebration of culture"
-37.8163,144.969,2010,This place reminds me of family gatherings and special moments
-37.806,144.9717,2003,The mix of cultural cuisines here reminds me of Melbourne’s diversity
-37.817979,144.969057,2021,"I remember sharing traditional food here with friends, it felt like a celebration of culture"
-37.806,144.9717,2022,This location has always been meaningful in my personal journey
-37.806,144.9717,2008,The food here connects deeply to cultural roots and history
-37.818271,144.967061,2008,The food here connects deeply to cultural roots and history
-37.8206,144.9653,2023,Every meal here feels like experiencing a different culture
-37.818271,144.967061,2014,This place reminds me of family gatherings and special moments
-37.806,144.9717,2016,This place reminds me of family gatherings and special moments
-37.8206,144.9653,2002,I have vivid memories of spending weekends here with loved ones
-37.818271,144.967061,2024,Tried a dish that reflected authentic heritage and family traditions
-37.817979,144.969057,2004,Tried a dish that reflected authentic heritage and family traditions
-37.8206,144.9653,2010,You can really feel the cultural diversity and artistic energy here
-37.8102,144.9623,2023,This location has always been meaningful in my personal journey
-37.843,144.993,2017,You can really feel the cultural diversity and artistic energy here
-37.8076,144.9568,2022,This place reminds me of family gatherings and special moments
-37.8206,144.9653,2026,The mix of cultural cuisines here reminds me of Melbourne’s diversity
-37.8076,144.9568,2014,The mix of cultural cuisines here reminds me of Melbourne’s diversity
-37.817979,144.969057,2023,The mix of cultural cuisines here reminds me of Melbourne’s diversity
-37.818271,144.967061,2002,This location has always been meaningful in my personal journey
-37.8304,144.9796,2020,You can really feel the cultural diversity and artistic energy here
-37.8304,144.9796,2015,"Being here feels nostalgic, like revisiting an important part of my life"
-37.818271,144.967061,2012,The food here connects deeply to cultural roots and history
-37.817979,144.969057,2012,Tried a dish that reflected authentic heritage and family traditions
-37.818271,144.967061,2000,I have vivid memories of spending weekends here with loved ones
-37.8676,144.9806,2005,The food here connects deeply to cultural roots and history
-37.8676,144.9806,2004,"I used to come here as a child, it holds a lot of personal memories"
-37.8163,144.969,2019,This location has always been meaningful in my personal journey
-37.8206,144.9653,2010,This location has always been meaningful in my personal journey
-37.8163,144.969,2001,There’s a strong sense of community and cultural expression here
-37.8076,144.9568,2009,I have vivid memories of spending weekends here with loved ones
-37.818271,144.967061,2003,"I used to come here as a child, it holds a lot of personal memories"
-37.8076,144.9568,2025,It’s a place where different cultures blend seamlessly
-37.817979,144.969057,2023,The food here connects deeply to cultural roots and history
-37.817979,144.969057,2021,"Being here feels nostalgic, like revisiting an important part of my life"
-37.8676,144.9806,2000,I have vivid memories of spending weekends here with loved ones
-37.817979,144.969057,2010,Tried a dish that reflected authentic heritage and family traditions
-37.8102,144.9623,2015,I have vivid memories of spending weekends here with loved ones
-37.843,144.993,2012,Tried a dish that reflected authentic heritage and family traditions
-37.8206,144.9653,2014,Tried a dish that reflected authentic heritage and family traditions
-37.818271,144.967061,2006,Every meal here feels like experiencing a different culture
-37.8676,144.9806,2023,Every meal here feels like experiencing a different culture
-37.843,144.993,2002,Every meal here feels like experiencing a different culture
-37.8076,144.9568,2007,This place represents the multicultural identity of Melbourne
-37.8076,144.9568,2015,"Being here feels nostalgic, like revisiting an important part of my life"
-37.8163,144.969,2022,This place reminds me of family gatherings and special moments
-37.817979,144.969057,2009,"I used to come here as a child, it holds a lot of personal memories"
-37.843,144.993,2003,The mix of cultural cuisines here reminds me of Melbourne’s diversity
-37.818271,144.967061,2023,I have vivid memories of spending weekends here with loved ones
-37.8076,144.9568,2009,It’s a place where different cultures blend seamlessly
-37.8102,144.9623,2007,There’s a strong sense of community and cultural expression here
-37.843,144.993,2022,The food here connects deeply to cultural roots and history
-37.8102,144.9623,2025,"I remember sharing traditional food here with friends, it felt like a celebration of culture"
-37.8163,144.969,2016,This place represents the multicultural identity of Melbourne
-37.806,144.9717,2003,This place reminds me of family gatherings and special moments
-37.843,144.993,2000,There’s a strong sense of community and cultural expression here
-37.8304,144.9796,2024,It’s a place where different cultures blend seamlessly
-37.817979,144.969057,2010,"Being here feels nostalgic, like revisiting an important part of my life"
-37.8163,144.969,2003,This location has always been meaningful in my personal journey
-37.8676,144.9806,2003,Tried a dish that reflected authentic heritage and family traditions
-37.8676,144.9806,2001,"I remember sharing traditional food here with friends, it felt like a celebration of culture"
-37.8304,144.9796,2010,This place represents the multicultural identity of Melbourne
-37.8102,144.9623,2011,This place represents the multicultural identity of Melbourne
-37.8676,144.9806,2009,"I remember sharing traditional food here with friends, it felt like a celebration of culture"
-37.8304,144.9796,2021,Tried a dish that reflected authentic heritage and family traditions
-37.806,144.9717,2015,You can really feel the cultural diversity and artistic energy here
-37.8163,144.969,2010,"Art, music, and people come together to create a cultural hub"
-37.8163,144.969,2009,This place represents the multicultural identity of Melbourne
-37.8076,144.9568,2003,There’s a strong sense of community and cultural expression here
-37.8102,144.9623,2016,"Art, music, and people come together to create a cultural hub"
-37.817979,144.969057,2015,The mix of cultural cuisines here reminds me of Melbourne’s diversity
-37.8163,144.969,2025,The mix of cultural cuisines here reminds me of Melbourne’s diversity
-37.818271,144.967061,2023,Every meal here feels like experiencing a different culture
